Date,3M,2Y,10Y,30Y
2024-07-22 01:53:39.213211,2.0004967141530114,2.5002240924818104,3.2004082527557145,3.5009163276747026
2024-07-23 01:53:39.213211,2.00035844985184,2.500236684882592,3.198705669151477,3.5012628161506005
2024-07-24 01:53:39.213211,2.0010061383899407,2.500334360981141,3.1997348247888024,3.50226082626046
2024-07-25 01:53:39.213211,2.002529168246349,2.4995613511972854,3.2002074222712156,3.4993645708822663
2024-07-26 01:53:39.213211,2.0022950148716254,2.4995858613715445,3.2004634520055295,3.5014529455870473
2024-07-27 01:53:39.213211,2.0020608779146762,2.50008385966279,3.2014461429894747,3.501313355958892
2024-07-28 01:53:39.213211,2.0036400907301837,2.501535003270585,3.2031116174339376,3.5024215387756295
2024-07-29 01:53:39.213211,2.0044075254593365,2.5024942740966702,3.2041259874989554,3.501381632848504
2024-07-30 01:53:39.213211,2.0039380510734017,2.504647456554182,3.202285113267624,3.5019944067535667
2024-07-31 01:53:39.213211,2.0044806111169877,2.503880108991294,3.2010055363008885,3.500940991190393
2024-08-01 01:53:39.213211,2.004017193424175,2.5047524296280144,3.2003807177231924,3.500317222229697
2024-08-02 01:53:39.213211,2.003551463670605,2.5049357716337526,3.2004068087734034,3.502231253583564
2024-08-03 01:53:39.213211,2.003793425942171,2.5071255745669703,3.2009244677938726,3.5020405711828007
2024-08-04 01:53:39.213211,2.001880145697513,2.5063172762816155,3.2001987239807193,3.5022580040559803
2024-08-05 01:53:39.213211,2.000155227865,2.5054775544394343,3.2003854907451963,3.503128071786669
2024-08-06 01:53:39.213211,1.999592940335759,2.5048781617939904,3.1996301078128426,3.5036237536746415
2024-08-07 01:53:39.213211,1.9985801092154247,2.502754266069681,3.199018590009851,3.503774172579785
2024-08-08 01:53:39.213211,1.99889435654802,2.502228511048,3.1976119289130027,3.5041391335822514
2024-08-09 01:53:39.213211,1.9979863324724987,2.5014693783864463,3.1966886956668916,3.5065425491674898
2024-08-10 01:53:39.213211,1.9965740287711635,2.5016197721729223,3.1953370110612753,3.506484930370456
2024-08-11 01:53:39.213211,1.998039677540085,2.5019615281486995,3.194361137808298,3.506686029417171
2024-08-12 01:53:39.213211,1.9978139012395983,2.5038376989879154,3.195414779604906,3.5077366838131785
2024-08-13 01:53:39.213211,1.9978814294442864,2.5047881228261013,3.194465380716074,3.5088422097461365
2024-08-14 01:53:39.213211,1.9964566812580729,2.5042112191704393,3.197097762780911,3.510029240051697
2024-08-15 01:53:39.213211,1.9959122985335478,2.5033128044990907,3.1975910806817924,3.510667970273726
2024-08-16 01:53:39.213211,1.9960232211232576,2.5038047236705974,3.197775916805487,3.509524965360996
2024-08-17 01:53:39.213211,1.9948722275458353,2.502484490463577,3.196917559025306,3.511158396893297
2024-08-18 01:53:39.213211,1.995247925564181,2.504315949229431,3.197617868904715,3.510012051500278
2024-08-19 01:53:39.213211,1.9946472868742622,2.5054953893501524,3.197042231078477,3.510314686965517
2024-08-20 01:53:39.213211,1.994355593124469,2.5050262136980477,3.1971642408931227,3.5095604111154977
2024-08-21 01:53:39.213211,1.9937538865122395,2.5033130791689566,3.1997243254313914,3.5094962727689047
2024-08-22 01:53:39.213211,1.9956061646967485,2.504666951543122,3.1996282655316666,3.509825035179208
2024-08-23 01:53:39.213211,1.9955926674720106,2.5045524116978695,3.2007775388579525,3.5101463923946588
2024-08-24 01:53:39.213211,1.9945349565430546,2.5057902280098427,3.2000743624328263,3.510568313148894
2024-08-25 01:53:39.213211,1.9953575014551577,2.5041958003510487,3.2000393739423294,3.5121820244179527
2024-08-26 01:53:39.213211,1.9941366578051867,2.503596425328095,3.201810174577965,3.5126355587194666
2024-08-27 01:53:39.213211,1.9943455214001915,2.503601669027813,3.2011832075201774,3.5123914020841758
2024-08-28 01:53:39.213211,1.9923858512763117,2.5036486496215775,3.202995656078174,3.513355489252464
2024-08-29 01:53:39.213211,1.9910576652274132,2.5031985841500983,3.2037034080136295,3.514544959741389
2024-08-30 01:53:39.213211,1.9912545264632824,2.503821434082446,3.203140941237735,3.513317351926252
2024-08-31 01:53:39.213211,1.9919929930432778,2.5027538136530634,3.203773348976791,3.5139147519961016
2024-09-01 01:53:39.213211,1.9921643613244677,2.502611434168042,3.2047459034264176,3.5146159247384126
2024-09-02 01:53:39.213211,1.9920487130420796,2.502731729799754,3.2053677133886347,3.514318361235053
2024-09-03 01:53:39.213211,1.9917476093464903,2.5032461686338126,3.2037974886687444,3.515694068048364
2024-09-04 01:53:39.213211,1.9902690873561228,2.503957783511902,3.2030703514929195,3.5155440124613317
2024-09-05 01:53:39.213211,1.9895492431477282,2.502833141420064,3.202822832857368,3.515669588914803
2024-09-06 01:53:39.213211,1.9890886043767684,2.501299027249328,3.202748399428268,3.5154965170905195
2024-09-07 01:53:39.213211,1.9901457266029872,2.5025767040712266,3.2033690715258185,3.515512096138101
2024-09-08 01:53:39.213211,1.9904893448925558,2.5029090180832063,3.2035467725267517,3.5144158210512058
2024-09-09 01:53:39.213211,1.988726304737193,2.5021605315466497,3.2022114281680416,3.5129757701686115
2024-09-10 01:53:39.213211,1.9890503887065878,2.503711683522172,3.2025916260190477,3.5145702752318364
2024-09-11 01:53:39.213211,1.9886653064261715,2.503827358156465,3.2032022117643315,3.513723313883518
2024-09-12 01:53:39.213211,1.9879883844258655,2.505006655340529,3.2037620022122626,3.5127319215340616
2024-09-13 01:53:39.213211,1.9886000607147063,2.505074173821939,3.204842782937817,3.510578531420458
2024-09-14 01:53:39.213211,1.9896310602372023,2.507134921746821,3.2056767050923662,3.5099395696727687
2024-09-15 01:53:39.213211,1.9905623403563186,2.508890262589264,3.2061358851715944,3.508616479879361
2024-09-16 01:53:39.213211,1.9897231228330958,2.5086412984407853,3.206065719460136,3.5102584950394973
2024-09-17 01:53:39.213211,1.9894139104572446,2.5096128693917397,3.20440475852662,3.51126831212884
2024-09-18 01:53:39.213211,1.9897451738886482,2.5102582453413245,3.2048343767457523,3.510580161783662
2024-09-19 01:53:39.213211,1.9907207190157705,2.5116268768988568,3.2050420644329156,3.5128325975890067
2024-09-20 01:53:39.213211,1.9902415447779254,2.510661953438277,3.205313643270111,3.513814363075998
2024-09-21 01:53:39.213211,1.9900558858012616,2.5113480048982755,3.2040368946942905,3.5134895316924895
2024-09-22 01:53:39.213211,1.9889495508272554,2.5124064293851247,3.2029558381538825,3.510990125977616
2024-09-23 01:53:39.213211,1.9877533442031747,2.510647689898702,3.2040089910072154,3.5132810685502065
2024-09-24 01:53:39.213211,1.988565870025569,2.509464431386036,3.2039694358533586,3.511891496083443
2024-09-25 01:53:39.213211,1.9899221100541398,2.507425199208276,3.204650936550731,3.5102460973364864
2024-09-26 01:53:39.213211,1.9898500999325595,2.5071557923738315,3.204679254926862,3.511268667768496
2024-09-27 01:53:39.213211,1.9908536328304516,2.507873334629627,3.2047090110663574,3.513708420174835
2024-09-28 01:53:39.213211,1.9912152688554992,2.5093756916817234,3.2056472948723336,3.5150926929933455
2024-09-29 01:53:39.213211,1.990570149100894,2.509449786462143,3.2051312501441163,3.515656602113398
2024-09-30 01:53:39.213211,1.9909315447064024,2.5110784020077146,3.2052273709210573,3.5162513564550633
2024-10-01 01:53:39.213211,1.9924695812728683,2.5096983005494997,3.204765095632352,3.5171047720138437
2024-10-02 01:53:39.213211,1.9924337552337585,2.5079949181101444,3.2043305994049196,3.5178637006036304
2024-10-03 01:53:39.213211,1.9939983988895724,2.507939370411248,3.204021427281451,3.5181448920275997
2024-10-04 01:53:39.213211,1.9913786537854827,2.508323435860187,3.204243561053085,3.5182490931315518
2024-10-05 01:53:39.213211,1.992200556289858,2.508290741112093,3.2037648124314213,3.5181865000036523
2024-10-06 01:53:39.213211,1.992287603358096,2.506223299012053,3.205020568556995,3.5174325354147853
2024-10-07 01:53:39.213211,1.9919885960076302,2.50613417897254,3.2041259612547752,3.517151860337919
2024-10-08 01:53:39.213211,1.9920803567841658,2.5048297094720353,3.203939089610614,3.515458903523723
2024-10-09 01:53:39.213211,1.990092787869565,2.5054993820208655,3.2034993585523397,3.5153605638969285
2024-10-10 01:53:39.213211,1.9898731159817273,2.5058659802669623,3.2049463364366937,3.5143719727897778
2024-10-11 01:53:39.213211,1.9902302285532392,2.504926100480635,3.205142891213205,3.5132683834725618
2024-10-12 01:53:39.213211,1.9917081225979807,2.5044122335632983,3.2061747357526738,3.5134482776237155
2024-10-13 01:53:39.213211,1.991189852379707,2.503353020041409,3.2046891753796367,3.51484027991006
2024-10-14 01:53:39.213211,1.9903813587768138,2.5032903409441363,3.204956225645506,3.5157585965160623
2024-10-15 01:53:39.213211,1.9898796017332292,2.5042454832646373,3.2058458564411296,3.514188095912439
2024-10-16 01:53:39.213211,1.9907950038509312,2.5032597572183017,3.2059281404304047,3.5131984677758687
2024-10-17 01:53:39.213211,1.991123754960591,2.5037638037338197,3.2069936208054703,3.514139238963857
2024-10-18 01:53:39.213211,1.9905939947568239,2.5032335461154473,3.2064763323553698,3.513156751570319
2024-10-19 01:53:39.213211,1.9911072621899373,2.5024406732831848,3.2078856797955555,3.5129321184203217
2024-10-20 01:53:39.213211,1.9912043397392853,2.5023336429232304,3.2101845779191747,3.513482170519346
2024-10-21 01:53:39.213211,1.9921729847298182,2.501298400600811,3.209821739358735,3.5125138260644824
2024-10-22 01:53:39.213211,1.991470931635941,2.5007447512954637,3.2093762368373344,3.5126192015706286
2024-10-23 01:53:39.213211,1.9911432694893432,2.499546873402875,3.210829621314452,3.5112851760757104
2024-10-24 01:53:39.213211,1.990751161336211,2.5015115985357914,3.2124091934601826,3.510683808431759
2024-10-25 01:53:39.213211,1.9892876463880789,2.5015468620877632,3.2118863334330294,3.5110035903659016
2024-10-26 01:53:39.213211,1.9895837666651435,2.5008471365797704,3.2114661466159338,3.50941059663237
2024-10-27 01:53:39.213211,1.9898448219373233,2.5010611164905048,3.211184362007073,3.5098510713703304
2024-10-28 01:53:39.213211,1.9898499353939658,2.5009487884408137,3.2098399114960388,3.509831433571404
2024-10-29 01:53:39.213211,1.9896153482605907,2.5007278188412805,3.2089212595495544,3.5103839235258207
2024-10-30 01:53:39.213211,1.9881999775185402,2.501341985541324,3.2079171187828024,3.5106078376598853
2024-10-31 01:53:39.213211,1.9877793321957749,2.502099493251371,3.2071493212176985,3.5119719780898593
2024-11-01 01:53:39.213211,1.9874366176792482,2.5015689921037607,3.207114636330312,3.512097202592507
2024-11-02 01:53:39.213211,1.9866343404100264,2.500993173863116,3.2073488510628483,3.511667797051382
2024-11-03 01:53:39.213211,1.9864730546983604,2.5007181221659645,3.208899351555662,3.511790094554414
2024-11-04 01:53:39.213211,1.986877105555175,2.4984162010012287,3.2079009975149235,3.5123333925834506
2024-11-05 01:53:39.213211,1.9887632914563855,2.4969010099390303,3.2088853199134,3.5123822526537762
2024-11-06 01:53:39.213211,1.9889378692692175,2.498267884206475,3.2086713310691746,3.51242284434498
2024-11-07 01:53:39.213211,1.9891954196599402,2.499912851919976,3.208621867359522,3.5117208526571733
2024-11-08 01:53:39.213211,1.989120973744174,2.4996638158804196,3.2092966868516886,3.5110579517396223
2024-11-09 01:53:39.213211,1.987202202528875,2.5002403728434754,3.2081739648301264,3.509655346467823
2024-11-10 01:53:39.213211,1.9871756886534258,2.500551622998019,3.2085563745763106,3.5114049232110096
2024-11-11 01:53:39.213211,1.9872359188633668,2.5036305038064746,3.2087228267845234,3.5101610599756183
2024-11-12 01:53:39.213211,1.989699160975852,2.504750078717909,3.2092152780485317,3.5094681547778226
2024-11-13 01:53:39.213211,1.989506800011071,2.504622161126428,3.2095044466924394,3.5087497475122533
2024-11-14 01:53:39.213211,1.9898083473534045,2.5036666206858276,3.2119597468323504,3.509644671889198
2024-11-15 01:53:39.213211,1.9897736355836992,2.50206017436557,3.211322006848099,3.5093497222109056
2024-11-16 01:53:39.213211,1.9886049575460798,2.5022636380014376,3.210791009893097,3.5105974642835793
2024-11-17 01:53:39.213211,1.9897477803605947,2.5015072872561532,3.210167869366672,3.5099239736593355
2024-11-18 01:53:39.213211,1.9904997133932816,2.500085033546555,3.209612392247512,3.5102029678215594
2024-11-19 01:53:39.213211,1.9912907453403246,2.499438460662313,3.2089750051202057,3.5093676207682996
2024-11-20 01:53:39.213211,1.9903813578855298,2.4983569126586986,3.210164021651313,3.511512769896073
2024-11-21 01:53:39.213211,1.9917841521964659,2.500044054293771,3.211584525899303,3.5103251714770436
2024-11-22 01:53:39.213211,1.9903823011336736,2.5009256940507205,3.211013779605554,3.5106349921872706
2024-11-23 01:53:39.213211,1.990969158227474,2.500917721409404,3.2101814240324495,3.5112687690682027
2024-11-24 01:53:39.213211,1.9931596138532839,2.502397665548294,3.210652839588836,3.511682568165654
2024-11-25 01:53:39.213211,1.9921690775281533,2.5024750338559416,3.2101006165445547,3.5114972805067763
2024-11-26 01:53:39.213211,1.9916027797985505,2.5016137496546134,3.2107335483623105,3.511367459807043
2024-11-27 01:53:39.213211,1.991702431163638,2.503136873731883,3.2109364713831616,3.511411271279022
2024-11-28 01:53:39.213211,1.991198955509522,2.5036757837755674,3.2094207272681645,3.5112642692773934
2024-11-29 01:53:39.213211,1.9896482920784557,2.502638537621241,3.2109682324694946,3.5122281483941884
2024-11-30 01:53:39.213211,1.9897168550532618,2.5024481989431577,3.21276411014259,3.51443867139578
2024-12-01 01:53:39.213211,1.9886545513395357,2.5015725806897726,3.2121513214521054,3.513881179610772
2024-12-02 01:53:39.213211,1.9891281437701709,2.5001897809588085,3.2117636198921695,3.512511376631193
2024-12-03 01:53:39.213211,1.988208719535937,2.50111595850634,3.2120494852828947,3.5124230945828416
2024-12-04 01:53:39.213211,1.9897586539409546,2.50302537514681,3.2123839420728815,3.515002803920496
2024-12-05 01:53:39.213211,1.9889754006486184,2.501626807572991,3.2130424863455542,3.5141991293525265
2024-12-06 01:53:39.213211,1.9886533391324126,2.5021897768096815,3.215052690884321,3.5158382461579705
2024-12-07 01:53:39.213211,1.9894668563497824,2.5015391342405597,3.2148757436568265,3.517515946972047
2024-12-08 01:53:39.213211,1.9882359920333483,2.501052008856795,3.214077446412288,3.5169623587303387
2024-12-09 01:53:39.213211,1.9884634519679525,2.500459614932556,3.212698127184274,3.517531341809524
2024-12-10 01:53:39.213211,1.9897705947222348,2.4995956241628763,3.2119671971443315,3.5191597384326525
2024-12-11 01:53:39.213211,1.9881631114876737,2.499644145790821,3.211934070171458,3.5187806106916653
2024-12-12 01:53:39.213211,1.988347745346206,2.49881319567441,3.2137286280349757,3.5185770303315627
2024-12-13 01:53:39.213211,1.9886076281404543,2.49908365250019,3.2132110167359396,3.5179953494176144
2024-12-14 01:53:39.213211,1.9893894510122316,2.499033414390741,3.2134348046875783,3.516980592686921
2024-12-15 01:53:39.213211,1.9881525003013536,2.4987944663438744,3.213418381791506,3.5163313151418554
2024-12-16 01:53:39.213211,1.9868320436882694,2.497886902681833,3.214606775064954,3.515107374875093
2024-12-17 01:53:39.213211,1.9873539852538862,2.4973101313512647,3.2171337074908273,3.5151414583433525
2024-12-18 01:53:39.213211,1.9876509699271194,2.4980655225770905,3.216602838717907,3.5143714851122936
2024-12-19 01:53:39.213211,1.9879014627774654,2.4985664397647147,3.2161133992753888,3.5146052710240845
2024-12-20 01:53:39.213211,1.9882479109869624,2.4975888845199163,3.217157560152458,3.513049375377881
2024-12-21 01:53:39.213211,1.9875678862653838,2.4976882168253454,3.2178394516420843,3.513380255610095
2024-12-22 01:53:39.213211,1.987800139962545,2.498439603948717,3.21968615896782,3.5142137845717043
2024-12-23 01:53:39.213211,1.9880932124358435,2.496770198667596,3.220270087153146,3.512220048929133
2024-12-24 01:53:39.213211,1.9873788610178171,2.4973135588599757,3.219910795062359,3.51259410549898
2024-12-25 01:53:39.213211,1.989244635528962,2.4966509351010298,3.2205014498930513,3.5138217744914537
2024-12-26 01:53:39.213211,1.9897184684498737,2.497221533769623,3.2216101534736343,3.5126121334727625
2024-12-27 01:53:39.213211,1.988527164952671,2.4964582746130803,3.2224306356548316,3.5142847058596
2024-12-28 01:53:39.213211,1.9891837185613048,2.494653392512416,3.222937909685939,3.514703724868966
2024-12-29 01:53:39.213211,1.9882090368910776,2.493025850074533,3.2240045843755283,3.5139987130132075
2024-12-30 01:53:39.213211,1.98899612149482,2.493073935021194,3.2251738799659737,3.51394294393555
2024-12-31 01:53:39.213211,1.9901547170738274,2.493333657522916,3.2265560389570114,3.5145012708480716
2025-01-01 01:53:39.213211,1.9893340347554758,2.4924293408978113,3.227204748844601,3.5145772762394842
2025-01-02 01:53:39.213211,1.99029741088472,2.493067933356589,3.227037630764284,3.5151160322319304
2025-01-03 01:53:39.213211,1.9907101918116565,2.4914064132943197,3.2271843444507176,3.514195358638851
2025-01-04 01:53:39.213211,1.991532251971651,2.4913403334956725,3.228390853417226,3.514364719462887
2025-01-05 01:53:39.213211,1.993429044954305,2.49012931729591,3.2275739177462386,3.512951004965982
2025-01-06 01:53:39.213211,1.9931836568383021,2.489477481188108,3.2279425910551116,3.5128397789046333
2025-01-07 01:53:39.213211,1.9924299206739446,2.4895248798594243,3.227549252242784,3.5119358712631685
2025-01-08 01:53:39.213211,1.9915404062443192,2.48866446649414,3.227577997065719,3.511200341320579
2025-01-09 01:53:39.213211,1.9907245959593536,2.4882799109499105,3.2288564489283265,3.5124364344957892
2025-01-10 01:53:39.213211,1.9906474942499395,2.489286203759125,3.229047547996346,3.5135277446163835
2025-01-11 01:53:39.213211,1.9909886462247561,2.4887093118896018,3.2290939845445026,3.514136882737291
2025-01-12 01:53:39.213211,1.9912653370240863,2.4895450040016667,3.2277341284035224,3.5130445699726183
2025-01-13 01:53:39.213211,1.9920925202731221,2.488415297147009,3.2284803819695496,3.5127281615229236
2025-01-14 01:53:39.213211,1.9921055221650001,2.4889451013249246,3.2291258661506905,3.5139412592229027
2025-01-15 01:53:39.213211,1.9935590562421575,2.4903866699455826,3.231289120873996,3.5140829761365424
2025-01-16 01:53:39.213211,1.9932943994089194,2.487915025445455,3.2309813426390432,3.5164023056765243
2025-01-17 01:53:39.213211,1.996014568575509,2.4871181301899847,3.2312004929667073,3.5167956235159186
2025-01-18 01:53:39.213211,1.9966402359232742,2.4876952023171652,3.231449876650418,3.5169876726324087
2025-01-19 01:53:39.213211,1.9957830783668578,2.4874921569311224,3.2330273299301813,3.5166785561682063
2025-01-20 01:53:39.213211,1.9947121858687966,2.4878633028044934,3.2329320343977943,3.5168120970729886
2025-01-21 01:53:39.213211,1.9951946582840399,2.4872593176177777,3.2332110559235647,3.5166596272366077
2025-01-22 01:53:39.213211,1.9949711954987142,2.4873459074052504,3.2338189524332814,3.5173677359132967
2025-01-23 01:53:39.213211,1.9956851959928061,2.4871902301698583,3.2340055615564376,3.518324438230091
2025-01-24 01:53:39.213211,1.9961584336173797,2.4883580122315183,3.233559127941887,3.517538448769583
2025-01-25 01:53:39.213211,1.9960856047047228,2.4886124330748194,3.2337532179347854,3.516207215816025
2025-01-26 01:53:39.213211,1.9952388109866543,2.4889500357368948,3.2348268496846453,3.514371010442922
2025-01-27 01:53:39.213211,1.9937239637619686,2.4885381587707722,3.233800334385234,3.5148790017698346
2025-01-28 01:53:39.213211,1.9932774488099014,2.4880505525467,3.233933304059381,3.5137756351636606
2025-01-29 01:53:39.213211,1.994133847604225,2.4876179943588803,3.2332331832444416,3.511622744570708
2025-01-30 01:53:39.213211,1.9943479413483551,2.4880124465012585,3.234428229873367,3.5120113231752392
2025-01-31 01:53:39.213211,1.9931022025696432,2.487591462020438,3.232905042968583,3.5145043226926718
2025-02-01 01:53:39.213211,1.9932753834954944,2.4878812368773344,3.2323461211213114,3.514498251781132
2025-02-02 01:53:39.213211,1.9936607008752232,2.48995663767598,3.232723332996376,3.5153367425555837
2025-02-03 01:53:39.213211,1.992776843439022,2.4908277623794115,3.2342888570256103,3.515418571914131
2025-02-04 01:53:39.213211,1.9929305685449676,2.490501738847244,3.2342231067645373,3.51531968226094
2025-02-05 01:53:39.213211,1.9929887772634136,2.491702952769408,3.233667907237844,3.516238758743928
2025-02-06 01:53:39.213211,1.991845806965583,2.491294877396386,3.2355490643072846,3.5159484841997393
2025-02-07 01:53:39.213211,1.9922035943259313,2.4892567528612086,3.2341010504068683,3.516215876513811
2025-02-08 01:53:39.213211,1.9927643788522995,2.488248666550291,3.2319022444502483,3.516537574320007
2025-02-09 01:53:39.213211,1.9938474300954747,2.486377874629265,3.2323422589003017,3.515869483866364
2025-02-10 01:53:39.213211,1.9949012321475097,2.486026361145224,3.231840204675949,3.5168615262159006
2025-02-11 01:53:39.213211,1.9935235627795527,2.4860447795244136,3.2308189718588185,3.5166865664592053
2025-02-12 01:53:39.213211,1.9925857377396374,2.4877212168366887,3.2315273283061177,3.5159308212997122
2025-02-13 01:53:39.213211,1.9931007730068462,2.488048144210453,3.2317711290198887,3.5164673311432826
2025-02-14 01:53:39.213211,1.9936145589577583,2.487829043681644,3.231207050389152,3.5155688631614916
2025-02-15 01:53:39.213211,1.9941296066440644,2.4886584492628274,3.2299267459904812,3.5155970443188607
2025-02-16 01:53:39.213211,1.997982338134719,2.4864473139538195,3.230799203318761,3.5155879253222166
2025-02-17 01:53:39.213211,1.9985532286454124,2.4866829285119283,3.23144940449672,3.516673820888048
2025-02-18 01:53:39.213211,1.999688794285593,2.487453793705815,3.2313502286329405,3.517148519120928
2025-02-19 01:53:39.213211,2.0006427960490862,2.485975207460035,3.2331968656289884,3.5171234921621832
2025-02-20 01:53:39.213211,2.0012941873003918,2.487118961503242,3.232126780862662,3.5179412584613834
2025-02-21 01:53:39.213211,2.0009789180557513,2.4874574579107365,3.2306012556917376,3.5193314660104007
2025-02-22 01:53:39.213211,2.001737887276245,2.487042169996836,3.2299093476218563,3.5198892763167526
2025-02-23 01:53:39.213211,2.000965062061707,2.487674951862942,3.229863761605501,3.519899628936596
2025-02-24 01:53:39.213211,2.0007282434549674,2.4899456447207466,3.2301071010548235,3.518587792704246
2025-02-25 01:53:39.213211,2.0002428799071383,2.490127510975805,3.229865864996967,3.5175226790411704
2025-02-26 01:53:39.213211,2.0003247540465243,2.4903757315621053,3.2302179203934815,3.5172174543368158
2025-02-27 01:53:39.213211,2.002639412613198,2.489916370662565,3.228966380969291,3.5166079421346566
2025-02-28 01:53:39.213211,2.0007721474206064,2.4890665262931004,3.230410145573364,3.516420970831671
2025-03-01 01:53:39.213211,2.001458407610981,2.4898968621096444,3.2303279943949716,3.516477620756568
2025-03-02 01:53:39.213211,1.999845691739791,2.489040778283736,3.2314452902265596,3.5170073135109248
2025-03-03 01:53:39.213211,1.9993737598740016,2.489112344520955,3.2317880155729375,3.516936814732866
2025-03-04 01:53:39.213211,2.000462710470969,2.4886346870741898,3.232244768792091,3.517423316376692
2025-03-05 01:53:39.213211,2.0005269904900644,2.4891136668999363,3.2328145360723233,3.517487790791502
2025-03-06 01:53:39.213211,1.9994492457121351,2.4894473290052233,3.233262244632341,3.5155123242251483
2025-03-07 01:53:39.213211,1.9987339420028751,2.490484868949481,3.2339049673922085,3.5145729888313295
2025-03-08 01:53:39.213211,1.9994135397518098,2.4899748525506262,3.2352341199223407,3.5144289012756076
2025-03-09 01:53:39.213211,1.9986831731200927,2.4897049776153333,3.235430641092042,3.5132192065327668
2025-03-10 01:53:39.213211,1.9988996317096748,2.4887262138995507,3.2361396448496307,3.513819135262763
2025-03-11 01:53:39.213211,1.9989452035495785,2.4882819206394746,3.2360499091553434,3.5153498860951067
2025-03-12 01:53:39.213211,1.9982936032019727,2.4886592211325196,3.237490026370793,3.516568647946804
2025-03-13 01:53:39.213211,2.000437547291298,2.489416209749165,3.2368136340687337,3.5163552050758735
2025-03-14 01:53:39.213211,2.001071466313616,2.4884940444249875,3.2386145745016446,3.5178459312127237
2025-03-15 01:53:39.213211,1.9990463237269585,2.489363650345093,3.238574416551,3.517994598669926
2025-03-16 01:53:39.213211,1.9992327780417278,2.490719288203898,3.237143641448882,3.5176575126988077
2025-03-17 01:53:39.213211,1.9985709915769594,2.4911327231071216,3.2372717458637927,3.517044110035267
2025-03-18 01:53:39.213211,1.9994234249117557,2.4930095189196795,3.236590694206318,3.5167416403487786
2025-03-19 01:53:39.213211,1.998630904173323,2.492235729720576,3.237431337755307,3.5163534635302374
2025-03-20 01:53:39.213211,1.9985161677318561,2.4909910750172646,3.2367787137760042,3.516523879752613
2025-03-21 01:53:39.213211,1.9990211550108365,2.4892123547683602,3.2363325303427897,3.516684453733663
2025-03-22 01:53:39.213211,1.9998869102050068,2.4907083990798493,3.234442989611844,3.5166874997538162
2025-03-23 01:53:39.213211,1.9986866137979509,2.4913627647362038,3.233990683292595,3.5171244379235627
2025-03-24 01:53:39.213211,1.99835211256211,2.4913071800652933,3.231566803965966,3.518315084198349
2025-03-25 01:53:39.213211,1.997877167250949,2.491587148691613,3.2299829011424803,3.51926463833379
2025-03-26 01:53:39.213211,1.9972238380183753,2.4904616596443145,3.2307433157986245,3.51777974036534
2025-03-27 01:53:39.213211,1.9989892922586563,2.4929074116239316,3.2315291159572754,3.515225819230438
2025-03-28 01:53:39.213211,1.9993942739696173,2.493036632805907,3.2319545735190602,3.5161601391416775
2025-03-29 01:53:39.213211,1.9981333900152822,2.4931460276005115,3.230987597375931,3.514793260443262
2025-03-30 01:53:39.213211,1.9990512519623371,2.49387179422441,3.2309398860197893,3.5145684950413694
2025-03-31 01:53:39.213211,2.0011734081593495,2.494352803456147,3.2309362834806987,3.51339838201531
2025-04-01 01:53:39.213211,2.002205873419901,2.4945766874804263,3.229777918791506,3.51159640157773
2025-04-02 01:53:39.213211,2.000686503453947,2.493786213024981,3.231281317093273,3.512137864305935
2025-04-03 01:53:39.213211,2.0002022693810804,2.4942576813821167,3.232158679383849,3.5128970194662377
2025-04-04 01:53:39.213211,2.0014691805302673,2.496139705878592,3.231937715210019,3.512320509065511
2025-04-05 01:53:39.213211,2.0007615110646486,2.497485125924747,3.2319646010490137,3.509729466773366
2025-04-06 01:53:39.213211,2.0012053304927946,2.499078312551386,3.2321729838569615,3.5091832223251136
2025-04-07 01:53:39.213211,2.001979964546224,2.498567096874955,3.230131248988537,3.509575026330516
2025-04-08 01:53:39.213211,2.001053034074646,2.4975774920546963,3.2298840716060164,3.508096114761742
2025-04-09 01:53:39.213211,2.000993508718584,2.497451705134597,3.2292020873580185,3.508279474681521
2025-04-10 01:53:39.213211,1.9977522413785151,2.4975074300468854,3.2282004673481235,3.508264164832348
2025-04-11 01:53:39.213211,1.9967278537371806,2.4986016215653564,3.2279193670552377,3.5088434563319493
2025-04-12 01:53:39.213211,1.9964752855857877,2.4969091569356414,3.229717053582087,3.5089630367003632
2025-04-13 01:53:39.213211,1.9952275024038229,2.498438707255102,3.2303578964433544,3.5079899677594817
2025-04-14 01:53:39.213211,1.9968599137077543,2.498280699356523,3.2297867174535715,3.509186539261146
2025-04-15 01:53:39.213211,1.9954297723297938,2.497853818286576,3.2303593002349276,3.5090280096881195
2025-04-16 01:53:39.213211,1.9949897278430968,2.4968417139113157,3.2317586556715137,3.509000705148609
2025-04-17 01:53:39.213211,1.995120468420383,2.49518685723945,3.2326832893544264,3.508067437189536
2025-04-18 01:53:39.213211,1.996561741709449,2.4960100278234116,3.2327429197243465,3.5076241549383447
2025-04-19 01:53:39.213211,1.9951258795582696,2.4960833457906,3.232095982946641,3.5067393522243178
2025-04-20 01:53:39.213211,1.9962890433104246,2.4947933848908592,3.2327942062602544,3.5065664061643944
2025-04-21 01:53:39.213211,1.996299276371444,2.4934983061187954,3.2331876916456763,3.5082781146445368
2025-04-22 01:53:39.213211,1.9953177677203962,2.4931625214195052,3.234082884865704,3.506906213501605
2025-04-23 01:53:39.213211,1.9957798711946595,2.494831542944795,3.234718056667386,3.5052926521037286
2025-04-24 01:53:39.213211,1.995978930890233,2.4945719515934313,3.2357676093827052,3.506763822431222
2025-04-25 01:53:39.213211,1.995378714013074,2.493068808640313,3.2352323741711446,3.5065544987540704
2025-04-26 01:53:39.213211,1.9954485160980642,2.492823065576227,3.236549768236779,3.50588542601541
2025-04-27 01:53:39.213211,1.9950632025012023,2.4925503420064796,3.2367473678414713,3.5069253307028063
2025-04-28 01:53:39.213211,1.9951767198464536,2.4898534553635376,3.2388226287140967,3.5063197151630696
2025-04-29 01:53:39.213211,1.9958388505209745,2.48979916049702,3.238133440896007,3.5081457248766164
2025-04-30 01:53:39.213211,1.99742486733712,2.4895682259668113,3.2398694046991725,3.508823650747956
2025-05-01 01:53:39.213211,1.9961870518382931,2.490264432331625,3.240067315482635,3.50833573933981
2025-05-02 01:53:39.213211,1.9983200852129495,2.4921133884265703,3.2394158974790206,3.5104930475530756
2025-05-03 01:53:39.213211,1.996367997413427,2.493239953456118,3.2389320116449665,3.5098873326300724
2025-05-04 01:53:39.213211,1.9962162123183913,2.492971064765563,3.238611664336772,3.5106294280020816
2025-05-05 01:53:39.213211,1.996804529524876,2.4918645388568215,3.239035830283174,3.510928720582488
2025-05-06 01:53:39.213211,1.9970855213926109,2.4944378986600713,3.2395586657712094,3.5122304618718867
2025-05-07 01:53:39.213211,1.9964628218727902,2.494497117094086,3.238984965767271,3.5137919730686136
2025-05-08 01:53:39.213211,1.996254699622433,2.4945110463859987,3.2389606111750098,3.5138239772176796
2025-05-09 01:53:39.213211,1.9957616986877742,2.4944869212988885,3.241102881533622,3.5130705593473333
2025-05-10 01:53:39.213211,1.99517233393083,2.4946850060596564,3.2428304247037225,3.5135305314902725
2025-05-11 01:53:39.213211,1.996021936027851,2.4945406456477324,3.2432667483733963,3.51285281612052
2025-05-12 01:53:39.213211,1.9963789515138162,2.4939669836408522,3.2433047518515647,3.514866203368047
2025-05-13 01:53:39.213211,1.9956860419185554,2.493420124699612,3.2434247831782828,3.51500273869913
2025-05-14 01:53:39.213211,1.9965856417939887,2.493387371429396,3.244038301151013,3.5146374171478176
2025-05-15 01:53:39.213211,1.9968929413148653,2.492843946658262,3.243015508585815,3.5148220974536826
2025-05-16 01:53:39.213211,1.9977058034337043,2.492131100875585,3.2427581320483916,3.5134749711641526
2025-05-17 01:53:39.213211,1.998335432275628,2.4922375311032767,3.241089547974514,3.512503357125642
2025-05-18 01:53:39.213211,1.9975064372647058,2.491982553885856,3.2414887710971194,3.5137037710335863
2025-05-19 01:53:39.213211,1.9969462562245088,2.493486546874439,3.242135967036822,3.5130468767546152
2025-05-20 01:53:39.213211,1.997693549829632,2.4908355770660457,3.2416527805745226,3.511999965771933
2025-05-21 01:53:39.213211,1.9983039200950656,2.491927083917968,3.243226767337813,3.5125366185244604
2025-05-22 01:53:39.213211,1.9982830185011013,2.4931731691104657,3.24200100167481,3.5137223226791234
2025-05-23 01:53:39.213211,1.9984003458844102,2.491099778878058,3.2405366267946007,3.5144412759897885
2025-05-24 01:53:39.213211,1.9996780107801986,2.490757091283977,3.2407610786131604,3.5154373236755943
2025-05-25 01:53:39.213211,1.9990864393913628,2.4903856504179815,3.2418081769157725,3.514680528587025
2025-05-26 01:53:39.213211,1.9996335367725329,2.488978138723264,3.2434921046072307,3.513258717920283
2025-05-27 01:53:39.213211,1.9994313441200988,2.4882003220356728,3.2430332203443615,3.5147600515722384
2025-05-28 01:53:39.213211,1.9992136629168717,2.487089746190207,3.244111901177793,3.5144373717333965
2025-05-29 01:53:39.213211,2.0003124397688588,2.4888420166336305,3.2440733927082923,3.5141865387169413
2025-05-30 01:53:39.213211,2.001137856117847,2.489777695026778,3.2439007654083514,3.5155147328587906
2025-05-31 01:53:39.213211,2.0019513657538477,2.4910492501217725,3.244784425345838,3.516070962868191
2025-06-01 01:53:39.213211,2.003256844561002,2.4917709221858155,3.2454367482242517,3.5165268506402727
2025-06-02 01:53:39.213211,2.0032778484026346,2.4906418704145983,3.2438603560672674,3.5186918529851736
2025-06-03 01:53:39.213211,2.0039598013739295,2.4901173501483185,3.245336896416993,3.5180483347547935
2025-06-04 01:53:39.213211,2.003649534617336,2.4906067247095462,3.2467169877711406,3.5189761748828747
2025-06-05 01:53:39.213211,2.0039737009698246,2.4893845969006545,3.246091425069631,3.519033188007772
2025-06-06 01:53:39.213211,2.0038435579154568,2.490097595330827,3.2464872286030686,3.5193017802866353
2025-06-07 01:53:39.213211,2.0039405538804496,2.489857269932669,3.246981258789351,3.5208302487130476
2025-06-08 01:53:39.213211,2.0045357109058863,2.489482449125119,3.247241932555175,3.5213380844693374
2025-06-09 01:53:39.213211,2.003717490222653,2.4901934090933224,3.2466916274013298,3.521876380548387
2025-06-10 01:53:39.213211,2.0058098774983386,2.4906376724048087,3.2460200040333915,3.522948887885697
2025-06-11 01:53:39.213211,2.004803860116839,2.4902767062389897,3.2459944499624003,3.522583935156154
2025-06-12 01:53:39.213211,2.003589671504051,2.4914360360423538,3.2471671789816594,3.521744725488815
2025-06-13 01:53:39.213211,2.0047477823775512,2.490354972714754,3.247710779136254,3.520699916294794
2025-06-14 01:53:39.213211,2.005539445071514,2.490970908321698,3.247340164804168,3.5187335597054177
2025-06-15 01:53:39.213211,2.006163564888566,2.4915640095796667,3.2481118635148163,3.520789766835358
2025-06-16 01:53:39.213211,2.0067919103978307,2.4912544631403524,3.2452633208941863,3.5196865584696364
2025-06-17 01:53:39.213211,2.0067796636249837,2.4915805961625948,3.246412086594558,3.519465304846051
2025-06-18 01:53:39.213211,2.005882409253498,2.4903294825862092,3.24467237281578,3.5191884915461618
2025-06-19 01:53:39.213211,2.0059582138116916,2.4912535096054165,3.244309931874377,3.519495898243971
2025-06-20 01:53:39.213211,2.0052810521001794,2.491068607468973,3.243190261979751,3.52031163545651
2025-06-21 01:53:39.213211,2.006256171833597,2.4905458844484545,3.24189558050403,3.52117210894487
2025-06-22 01:53:39.213211,2.006109114452095,2.491594893674291,3.2430564072914083,3.520589031506301
2025-06-23 01:53:39.213211,2.0052836172553024,2.4908905499837486,3.2425887060900966,3.5204219097925145
2025-06-24 01:53:39.213211,2.0049622314136495,2.4894820886873847,3.242935209971827,3.520704489743003
2025-06-25 01:53:39.213211,2.0053751628679253,2.487925459513861,3.242888289392948,3.5204557986168195
2025-06-26 01:53:39.213211,2.004811438315121,2.4885314694652068,3.243365330220171,3.522063144192839
2025-06-27 01:53:39.213211,2.0039892179195546,2.48725104011271,3.2434421521112315,3.522554119144478
2025-06-28 01:53:39.213211,2.0042329051310466,2.489005834294695,3.2421591598870427,3.5232889969305274
2025-06-29 01:53:39.213211,2.0044778717021554,2.486923904886811,3.24315542670649,3.523951878199195
2025-06-30 01:53:39.213211,2.003970928526784,2.488620361255101,3.242661670123329,3.5251253520566803
2025-07-01 01:53:39.213211,2.003499890221166,2.4888313787223035,3.241105088224669,3.525306373615384
2025-07-02 01:53:39.213211,2.0037319401585236,2.488734665610433,3.240676973063703,3.524009541667428
2025-07-03 01:53:39.213211,2.0022838558170264,2.4881897465236245,3.2421777328543375,3.5244092296191805
2025-07-04 01:53:39.213211,2.0008763920426498,2.4885888826379765,3.243027954596451,3.5237578727253887
2025-07-05 01:53:39.213211,2.000157947821397,2.4885512479355514,3.242679302462043,3.523229256043639
2025-07-06 01:53:39.213211,1.9999445006696854,2.489654549817568,3.2423300447577246,3.5238156200623942
2025-07-07 01:53:39.213211,2.0002554082352835,2.48976877746623,3.242008409706507,3.525053903133828
2025-07-08 01:53:39.213211,2.001730764452233,2.489919079227692,3.244085157690068,3.525075174710564
2025-07-09 01:53:39.213211,2.002588424075435,2.489555467015478,3.2444670931422994,3.525384007723163
2025-07-10 01:53:39.213211,2.0024284855454715,2.489498521391757,3.2448971347894906,3.527086222667798
2025-07-11 01:53:39.213211,2.002409469337569,2.489806323160649,3.2459274182435225,3.5273269758472865
2025-07-12 01:53:39.213211,2.001406939972931,2.4880961547679923,3.246166207402549,3.529928658961467
2025-07-13 01:53:39.213211,2.0013884268369386,2.486747969345887,3.245907165256728,3.5304941686070985
2025-07-14 01:53:39.213211,2.0010997681980185,2.4874912334399095,3.2457108154076435,3.5287334058479427
2025-07-15 01:53:39.213211,2.0014224867583565,2.4876620988780376,3.245639214148229,3.5294867474690474
2025-07-16 01:53:39.213211,2.000595255814804,2.4874781155416845,3.2456019919117196,3.52986790585393
2025-07-17 01:53:39.213211,2.0011146023290456,2.4874965494747503,3.2463296214553563,3.531157658608013
2025-07-18 01:53:39.213211,2.002647341242048,2.4878441311801116,3.246381567341164,3.531830839959283
2025-07-19 01:53:39.213211,2.002538581093591,2.4873043714998024,3.247114207418379,3.531692383975299
2025-07-20 01:53:39.213211,2.00294029281569,2.4865260667744002,3.2470334908382705,3.5304680857390096
2025-07-21 01:53:39.213211,2.003630436807401,2.486721912029498,3.2471121260285867,3.5302590624817234
2025-07-22 01:53:39.213211,2.0032292163355154,2.4857435392518825,3.2451139253440546,3.529408542027514
